<?xml version="1.0" encoding="UTF-8"?>
<project-private xmlns="http://www.netbeans.org/ns/project-private/1">
    <editor-bookmarks xmlns="http://www.netbeans.org/ns/editor-bookmarks/2" lastBookmarkId="0"/>
    <open-files xmlns="http://www.netbeans.org/ns/projectui-open-files/2">
        <group>
            <file>file:/C:/Users/ASUS/Documents/PO%20SAE%20&amp;%20CES/TokoSepeda/src/main/MainFrame.java</file>
            <file>file:/C:/Users/ASUS/Documents/PO%20SAE%20&amp;%20CES/TokoSepeda/src/main/LoginFrame.java</file>
            <file>file:/C:/Users/ASUS/Documents/PO%20SAE%20&amp;%20CES/TokoSepeda/src/data/SepedaListrik.java</file>
        </group>
    </open-files>
</project-private>
